{"cameraMode":{"drawMode":0,"name":"Shaded","section":"Shading Mode"},"sceneLighting":false,"audioPlay":false,"sceneViewState":{"showFog":true,"showMaterialUpdate":false,"showSkybox":false,"showFlares":true,"showImageEffects":true,"showParticleSystems":true},"in2DMode":false,"pivot":{"x":-6.363595962524414,"y":12.879637718200684,"z":-4.04078483581543},"rotation":{"x":0.017998792231082917,"y":-0.004499804228544235,"z":0.0000807203832664527,"w":0.9998306035995483},"size":13.836648941040039,"orthographic":false}